<?xml version="1.0" encoding="utf-8" ?>
<dwsync>
<file name="admin.php" server="C:/xampp/htdocs/cbitfee/" local="130658834372402765" remote="130658834370000000" Dst="0" />
<file name="index.php" server="C:/xampp/htdocs/cbitfee/" local="130718559390513505" remote="130718559390000000" Dst="0" />
<file name="adminhome.php" server="C:/xampp/htdocs/cbitfee/" local="130658834202742715" remote="130658834200000000" Dst="0" />
<file name="adminverify.php" server="C:/xampp/htdocs/cbitfee/" local="130667303123317115" remote="130667303120000000" Dst="0" />
<file name="logout.php" server="C:/xampp/htdocs/cbitfee/" local="130656979236966089" remote="130656979230000000" Dst="0" />
<file name="addstudent.php" server="C:/xampp/htdocs/cbitfee/" local="130735886633616667" remote="130735886630000000" Dst="0" />
<file name="addsuccess.php" server="C:/xampp/htdocs/cbitfee/" local="130726262028131110" remote="130726262020000000" Dst="0" />
<file name="addsuccessresult.php" server="C:/xampp/htdocs/cbitfee/" local="130658946543895381" remote="130658946540000000" Dst="0" />
<file name="payfee.php" server="C:/xampp/htdocs/cbitfee/" local="130658152435419431" remote="130658152430000000" Dst="0" />
<file name="feedetails.php" server="C:/xampp/htdocs/cbitfee/" local="130658152192164676" remote="130658152190000000" Dst="0" />
<file name="idexist.php" server="C:/xampp/htdocs/cbitfee/" local="130657815541987258" remote="130657815540000000" Dst="0" />
<file name="feesubmited.php" server="C:/xampp/htdocs/cbitfee/" local="130726257795774655" remote="130726257790000000" Dst="0" />
<file name="feedue.php" server="C:/xampp/htdocs/cbitfee/" local="130667283863507993" remote="130667283860000000" Dst="0" />
<file name="bg-body.png" server="C:/xampp/htdocs/cbitfee/" local="130410904420000000" remote="130410904420000000" Dst="0" />
<file name="feeduecse.php" server="C:/xampp/htdocs/cbitfee/" local="130718437210000000" remote="130718437210000000" Dst="0" />
<file name="student.php" server="C:/xampp/htdocs/cbitfee/" local="130735949629744430" remote="130735949620000000" Dst="0" />
<file name="studentlogin.php" server="C:/xampp/htdocs/cbitfee/" local="130726269451917340" remote="130726269450000000" Dst="0" />
<file name="studentloginsuccess.php" server="C:/xampp/htdocs/cbitfee/" local="130667299740000000" remote="130667299740000000" Dst="0" />
<file name="studentidexist.php" server="C:/xampp/htdocs/cbitfee/" local="130726269013855243" remote="130726269010000000" Dst="0" />
<file name="testtable.php" server="C:/xampp/htdocs/cbitfee/" local="130718561495755030" remote="130718561490000000" Dst="0" />
<file name="testtable1.php" server="C:/xampp/htdocs/cbitfee/" local="130718561768569052" remote="130718561760000000" Dst="0" />
<file name="testtable2.php" server="C:/xampp/htdocs/cbitfee/" local="130718561748589571" remote="130718561740000000" Dst="0" />
<file name="mailsent.php" server="C:/xampp/htdocs/cbitfee/" local="130718481568153507" remote="130718481560000000" Dst="0" />
<file name="emailtest.php" server="C:/xampp/htdocs/cbitfee/" local="130718496372818661" remote="130718496370000000" Dst="0" />
<file name="Untitled-4.psd" server="C:/xampp/htdocs/cbitfee/" local="130718558856815541" remote="130718558850000000" Dst="0" />
</dwsync>